{
  "score": 0.4411764705882353,
  "calibrated_score": 0.4411764705882353,
  "calibrated_result_list": [
    "Wrong",
    "Correct",
    "Correct",
    "Correct",
    "Correct",
    "Correct",
    "Correct",
    "Wrong",
    "Correct",
    "Wrong",
    "Wrong",
    "Wrong",
    "Correct",
    "Wrong",
    "Wrong",
    "Wrong",
    "Correct",
    "Wrong",
    "Wrong",
    "Wrong",
    "Correct",
    "Wrong",
    "Wrong",
    "Correct",
    "Correct",
    "Wrong",
    "Wrong",
    "Wrong",
    "Correct",
    "Wrong",
    "Correct",
    "Correct",
    "Wrong",
    "Wrong"
  ],
  "avg_answer_time": 3.5602791870341584,
  "result_list": [
    "Wrong",
    "Correct",
    "Correct",
    "Correct",
    "Correct",
    "Correct",
    "Correct",
    "Wrong",
    "Correct",
    "Wrong",
    "Wrong",
    "Wrong",
    "Correct",
    "Wrong",
    "Wrong",
    "Wrong",
    "Correct",
    "Wrong",
    "Wrong",
    "Wrong",
    "Correct",
    "Wrong",
    "Wrong",
    "Correct",
    "Correct",
    "Wrong",
    "Wrong",
    "Wrong",
    "Correct",
    "Wrong",
    "Correct",
    "Correct",
    "Wrong",
    "Wrong"
  ],
  "result_time_list": [
    3.1548521518707275,
    2.560687303543091,
    2.433565855026245,
    1.167703628540039,
    3.2000246047973633,
    3.1250967979431152,
    3.4482481479644775,
    1.4094173908233643,
    2.819232702255249,
    4.01602578163147,
    3.993535041809082,
    3.051607131958008,
    2.1200222969055176,
    4.386370420455933,
    3.8467817306518555,
    2.657038927078247,
    2.3905858993530273,
    3.784196615219116,
    3.5588788986206055,
    5.592507839202881,
    3.568309783935547,
    4.250510215759277,
    7.20405387878418,
    3.401456117630005,
    2.392115354537964,
    7.146764755249023,
    3.8354439735412598,
    3.5823769569396973,
    4.315815687179565,
    4.740592002868652,
    4.35824728012085,
    1.88535475730896,
    3.443660020828247,
    4.208412408828735
  ],
  "ambiguous_idx_list": [],
  "ambiguous_answer_list": [],
  "ambiguous_gold_answer_list": []
}