{
  "score": 0.7647058823529411,
  "calibrated_score": 0.7647058823529411,
  "calibrated_result_list": [
    "Correct",
    "Correct",
    "Correct",
    "Correct",
    "Correct",
    "Correct",
    "Correct",
    "Correct",
    "Correct",
    "Wrong",
    "Correct",
    "Correct",
    "Correct",
    "Wrong",
    "Wrong",
    "Correct",
    "Wrong"
  ],
  "avg_answer_time": 0.788747605155496,
  "result_list": [
    "Correct",
    "Correct",
    "Correct",
    "Correct",
    "Correct",
    "Correct",
    "Correct",
    "Correct",
    "Correct",
    "Wrong",
    "Correct",
    "Correct",
    "Correct",
    "Wrong",
    "Wrong",
    "Correct",
    "Wrong"
  ],
  "result_time_list": [
    0.6705124378204346,
    0.6907761096954346,
    0.588655948638916,
    0.663825273513794,
    0.57029128074646,
    0.6687910556793213,
    0.5266945362091064,
    1.866330862045288,
    0.844897985458374,
    0.6778724193572998,
    0.7247071266174316,
    0.8085505962371826,
    0.7705795764923096,
    0.734687328338623,
    0.9593427181243896,
    0.7516252994537354,
    0.890568733215332
  ],
  "ambiguous_idx_list": [],
  "ambiguous_answer_list": [],
  "ambiguous_gold_answer_list": []
}