{
  "score": 0.47058823529411764,
  "calibrated_score": 0.47058823529411764,
  "calibrated_result_list": [
    "Correct",
    "Correct",
    "Correct",
    "Correct",
    "Wrong",
    "Correct",
    "Wrong",
    "Wrong",
    "Correct",
    "Wrong",
    "Wrong",
    "Wrong",
    "Wrong",
    "Wrong",
    "Wrong",
    "Correct",
    "Correct"
  ],
  "avg_answer_time": 1.5760387112112606,
  "result_list": [
    "Correct",
    "Correct",
    "Correct",
    "Correct",
    "Wrong",
    "Correct",
    "Wrong",
    "Wrong",
    "Correct",
    "Wrong",
    "Wrong",
    "Wrong",
    "Wrong",
    "Wrong",
    "Wrong",
    "Correct",
    "Correct"
  ],
  "result_time_list": [
    1.3372583389282227,
    1.367516040802002,
    1.2561695575714111,
    1.4960777759552002,
    1.7268848419189453,
    1.5129830837249756,
    1.15739107131958,
    2.0546560287475586,
    1.523338794708252,
    2.4329042434692383,
    1.306854009628296,
    1.2766575813293457,
    1.6645827293395996,
    1.7893786430358887,
    1.3747978210449219,
    2.147660970687866,
    1.367546558380127
  ],
  "ambiguous_idx_list": [],
  "ambiguous_answer_list": [],
  "ambiguous_gold_answer_list": []
}